diagonal;height_left;height_right;margin_low;margin_up;length;id;y_pred;proba_pred_faux;proba_pred_vrai
171.76;104.01;103.54;5.21;3.3;111.42;A_1;Faux billet;0.9938873474364619;0.006112652563538081
171.87;104.17;104.13;6.0;3.31;112.09;A_2;Faux billet;0.9988855789446387;0.0011144210553613535
172.0;104.58;104.29;4.99;3.39;111.57;A_3;Faux billet;0.9985860399509701;0.0014139600490298864
172.49;104.55;104.34;4.44;3.03;113.2;A_4;Vrai billet;0.08667134593373527;0.9133286540662647
171.65;103.63;103.56;3.77;3.16;113.33;A_5;Vrai billet;0.00044119064166303623;0.999558809358337
